Name,BSE Code,NSE Code,Industry,Current Price,Market Capitalization,Price to Earning,Price to book value,Return on equity,Debt,Sustainable Growth Rate,Graham,Sales growth 3Years,Profit growth 3Years,Profit after tax,OPM,Return on capital employed,Sales latest quarter,Return on assets,Debt to equity,Equity capital,Working capital,Free cash flow last year,Free cash flow preceding year
Aanchal Ispat,538812,,Steel - Medium / Small,5.08,10.59,12.31,0.64,-31.23,83.94,-31.23,8.60,-3.25,-5.63,0.86,-0.46,-3.93,33.80,-5.48,5.05,20.85,66.49,6.23,2.04
Aditya Ispat,513513,,Steel - Medium / Small,9.36,5.01,,0.67,-29.92,26.62,-29.92,,7.65,,-2.55,-5.70,0.72,11.67,-5.91,3.56,5.35,11.96,5.76,2.19
Aditya Ultra,,AUSL,Steel - Medium / Small,31.40,77.98,10.44,0.80,16.95,69.71,16.95,63.64,19.23,17.80,7.47,3.07,17.23,312.39,6.10,0.72,17.24,136.91,6.66,7.09
Aeroflex,543972,AEROFLEX,Steel - Medium / Small,165.11,2135.21,40.66,6.24,16.52,0.59,15.30,49.18,16.04,24.52,52.51,21.01,22.10,91.69,13.10,0.00,25.86,157.50,-76.88,6.39
Ahlada Engineers,,AHLADA,Steel - Medium / Small,62.28,80.47,8.65,0.58,10.37,40.39,8.80,131.43,17.74,10.23,9.30,14.82,14.64,26.06,6.40,0.29,12.92,105.97,-3.92,3.92
Alliance Integ.,534064,,Steel - Medium / Small,4.15,163.90,,,,254.85,,,-2.61,3.53,-72.82,23.27,,19.32,-24.81,,39.50,-219.71,9.33,6.13
Ankit Met.Power,532870,ANKITMETAL,Steel - Medium / Small,2.00,28.22,,,,1104.91,,,15.92,-11.89,-256.79,-27.89,-34.20,146.87,-8.18,,141.11,-378.88,35.14,31.70
APL Apollo Tubes,533758,APLAPOLLO,Steel - Large,1598.80,44370.63,69.94,11.53,22.05,1022.59,17.45,267.07,28.70,26.48,634.39,5.34,25.18,5432.73,11.18,0.27,55.51,1024.09,449.74,-151.10
Arcee Industries,520121,,Steel - Medium / Small,6.89,3.54,,1.04,-18.18,0.22,-18.18,,-53.23,,-0.54,-319.05,-16.34,0.00,-8.05,0.06,5.14,0.77,0.06,0.19
Ashiana Ispat,513401,,Steel - Medium / Small,20.30,16.17,,0.44,1.79,92.78,1.79,,2.95,-17.70,-4.77,1.71,7.41,0.01,0.40,2.51,7.96,102.76,0.01,1.06
Azad India,504731,,Steel - Medium / Small,131.15,447.35,,7.60,-6.01,0.02,-6.01,,,,-0.29,,-6.00,0.00,-5.99,0.00,29.13,50.03,-1.26,-0.10
Bansal Roofing,538546,,Steel - Medium / Small,102.00,134.47,30.08,4.64,13.75,4.68,13.75,40.97,36.51,15.90,4.47,8.52,17.20,26.44,9.23,0.16,13.18,4.65,2.39,1.90
Bansal Wire Inds,544209,BANSALWIRE,Steel - Medium / Small,358.60,5614.10,48.81,5.04,20.65,220.01,20.65,113.30,15.64,17.76,115.01,6.23,14.27,929.26,7.32,0.20,78.28,615.72,-124.11,55.84
Beekay Steel Ind,539018,,Steel - Medium / Small,541.15,1032.08,8.44,1.03,11.17,238.60,11.01,871.31,4.63,7.85,122.33,12.71,10.73,270.99,8.22,0.24,19.09,442.98,-27.82,139.94
Bharat Wire,539799,BHARATWIRE,Steel - Medium / Small,174.92,1197.31,16.27,1.71,42.29,124.64,42.29,157.48,35.46,98.41,73.59,22.31,18.72,161.82,11.92,0.18,68.45,338.51,60.22,69.76
Bihar Sponge,500058,,Steel - Sponge Iron,12.10,109.15,9.47,,,27.46,,,129.40,19.63,11.53,-4.15,10.96,53.30,4.29,,90.21,0.22,17.45,-17.33
BMW Industries,542669,,Steel - Medium / Small,46.07,1036.97,13.61,1.49,10.06,187.84,8.53,48.64,14.58,1.09,76.18,25.09,13.15,147.59,6.95,0.27,22.51,200.86,144.73,66.11
Bombay Wire,504648,,Steel - Medium / Small,62.00,33.10,,4.24,-17.14,0.00,-17.14,,,12.41,-1.31,,-8.21,0.00,-16.49,0.00,0.53,6.80,6.71,-0.03
Chaman Metallics,,CMNL,Steel - Sponge Iron,166.00,400.64,41.18,4.18,15.22,195.61,15.22,60.01,10.35,31.59,9.73,7.98,11.49,91.34,7.07,2.04,24.13,24.16,-132.08,6.65
Cosmic CRF,543928,,Steel - Medium / Small,1234.75,1012.25,55.31,4.55,11.78,66.40,11.78,369.13,,,18.30,10.78,13.99,158.64,7.90,0.30,8.20,154.55,-47.35,-38.49
D P Wires,543962,DPWIRES,Steel - Medium / Small,209.33,324.47,11.59,1.36,17.39,0.97,17.39,250.51,29.05,14.68,27.99,5.05,24.57,154.56,14.14,0.00,15.50,206.33,18.58,38.39
DEE Development,544198,DEEDEV,Steel - Medium / Small,222.27,1534.86,63.98,1.97,6.00,372.65,6.00,100.78,16.78,22.59,23.99,12.09,9.68,162.00,2.42,0.48,69.05,624.39,-31.04,-41.89
Dhatre Udyog,540080,,Steel - Medium / Small,8.03,87.49,17.50,1.25,16.64,0.00,16.64,8.16,38.66,29.86,5.00,2.08,22.97,39.47,15.65,0.00,10.90,43.37,21.75,-2.80
Earthstahl &All.,543765,,Steel - Medium / Small,28.50,34.88,23.10,0.93,5.21,17.29,5.21,29.20,53.91,-10.77,1.51,6.17,8.22,36.68,3.20,0.46,12.24,8.46,-3.49,2.03
Electrotherm(I),526608,ELECTHERM,Steel - Medium / Small,1189.40,1515.63,4.36,,,1624.74,,,19.26,85.83,347.59,10.50,40.16,1081.23,17.66,,12.74,286.70,282.87,89.59
Excellent Wires,,EXCELLENT,Steel - Medium / Small,51.90,23.20,29.74,1.30,40.10,0.09,40.10,106.04,,,0.78,8.14,32.44,10.49,16.12,0.01,0.35,16.10,-1.91,0.30
Gallantt Ispat L,532726,GALLANTT,Steel - Medium / Small,437.55,10557.25,27.80,4.03,9.63,407.49,8.60,196.20,26.16,15.04,379.82,15.80,11.96,1118.32,7.40,0.16,241.28,1089.49,151.10,-131.67
Gandhi Spl. Tube,513108,GANDHITUBE,Steel - Medium / Small,649.05,788.73,13.13,3.31,23.84,0.25,17.06,467.18,14.60,10.33,60.09,40.40,31.50,39.77,21.69,0.00,6.08,64.63,25.21,44.44
Garg Furnace,530615,,Steel - Medium / Small,183.75,99.38,13.84,1.58,15.44,1.45,15.44,197.30,29.31,74.90,7.18,2.80,14.83,62.97,8.95,0.02,5.41,46.20,-14.03,6.43
Geekay Wires,,GEEKAYWIRE,Steel - Medium / Small,71.94,375.96,9.71,2.74,42.11,102.40,41.42,66.15,34.22,82.86,38.71,5.16,34.51,113.30,17.06,0.75,10.45,130.04,40.14,33.82
Godawari Power,532734,GPIL,Steel - Large,182.33,12197.42,15.09,2.69,21.89,33.71,20.43,135.00,11.30,12.95,808.44,22.15,29.19,1297.60,17.18,0.01,61.29,1624.22,625.91,513.27
Goodluck India,530655,GOODLUCK,Steel - Medium / Small,720.20,2357.83,14.76,1.91,15.17,664.31,12.98,644.88,30.88,63.66,159.76,7.83,17.44,941.98,7.55,0.54,6.55,1168.16,-240.97,-11.13
Grand Foundry,513343,GFSTEELS,Steel - Medium / Small,8.42,25.62,,,,5.45,,,,,-0.65,-1400.00,,0.00,-1485.71,,12.17,-0.03,-0.54,-4.34
Hariom Pipe,543517,HARIOMPIPE,Steel - Medium / Small,374.25,1158.95,18.92,2.11,13.52,335.78,13.11,283.92,65.56,56.03,61.26,13.09,14.56,299.88,7.14,0.61,30.97,438.49,-136.13,-322.73
Heera Ispat,526967,,Steel - Medium / Small,7.97,4.69,,,,0.99,,,,,-0.46,,-235.90,0.00,-129.58,,5.88,0.43,-0.45,-0.07
Hi-Tech Pipes,543411,HITECH,Steel - Medium / Small,88.03,1787.96,33.45,2.62,7.68,259.00,7.59,48.16,29.08,31.10,53.45,5.17,11.27,633.93,3.98,0.38,20.31,517.14,-175.05,-6.71
Hisar Met.Inds.,590018,HISARMETAL,Steel - Medium / Small,195.37,105.50,27.33,1.70,11.31,68.48,10.37,136.07,16.47,6.15,3.86,5.36,11.18,57.02,4.11,1.10,5.40,101.27,3.72,7.64
Incredible Indus,538365,INCREDIBLE,Steel - Medium / Small,36.81,172.14,17.62,1.26,4.61,30.17,4.61,37.01,19.07,18.04,9.77,2.61,9.09,161.87,2.85,0.22,46.76,125.63,18.50,7.91
India Steel,513361,,Steel - Medium / Small,5.38,214.17,,6.47,-39.50,105.46,-39.50,,-82.14,-0.83,-11.98,,-5.78,0.00,-4.28,3.19,39.81,-100.14,-21.91,-1.04
Interarch Build.,544232,INTERARCH,Steel - Medium / Small,1661.00,2763.98,27.96,4.09,20.42,20.08,20.42,765.28,30.94,137.90,98.85,9.10,28.52,363.62,12.05,0.03,16.64,404.78,56.66,17.91
Jai Balaji Inds.,532976,JAIBALAJI,Steel - Large,119.21,10875.41,14.40,5.64,87.32,432.06,87.32,64.28,32.05,141.19,755.38,14.75,62.33,1486.39,28.49,0.22,182.45,507.05,458.90,228.88
Jay Bee Laminati,,JAYBEE,Steel - Medium / Small,207.30,467.83,18.43,3.17,40.42,23.60,40.42,128.68,37.55,62.66,25.39,11.70,47.67,214.28,19.39,0.16,18.00,133.60,-53.01,11.95
Jayaswal Neco,522285,JAYNECOIND,Steel - Large,40.79,3960.70,35.15,1.67,4.86,2735.17,4.86,25.27,0.50,-41.79,112.68,15.66,12.57,1675.27,1.90,1.15,970.99,1433.20,1144.38,498.58
Jindal Saw,500378,JINDALSAW,Steel - Large,245.43,15695.45,10.76,1.38,13.56,4859.17,12.56,330.35,16.13,57.41,1458.04,16.46,19.21,5046.59,7.03,0.43,63.95,6198.16,1324.29,1741.28
Jindal Stain.,532508,JSL,Steel - Large,588.25,48458.25,20.09,3.13,19.88,6473.08,18.07,351.91,46.80,94.21,2411.59,11.99,22.23,9907.30,9.03,0.42,164.69,5256.17,3366.96,1447.83
Jindal Steel,532286,JINDALSTEL,Steel - Large,897.75,91578.41,25.58,1.94,7.83,18406.08,7.27,535.64,-0.92,-15.69,3580.69,19.06,10.84,13183.13,4.40,0.39,101.18,4879.70,334.27,-2418.26
JSW Steel,500228,JSWSTEEL,Steel - Large,973.20,237991.58,68.03,2.99,11.79,95258.00,8.81,314.50,29.90,2.06,3498.48,13.20,13.30,41378.00,3.92,1.20,244.00,20095.00,-3469.00,8574.00
JTL Industries,534600,JTLIND,Steel - Medium / Small,63.84,2438.95,21.95,2.06,18.82,45.66,18.08,46.44,67.31,76.97,111.13,7.39,23.40,451.43,15.83,0.04,39.31,894.33,-121.04,-11.47
Kalana,,KALANA,Steel - Medium / Small,46.45,60.57,25.56,1.39,31.16,0.71,31.16,46.90,19.81,156.77,2.37,5.06,25.11,27.62,13.53,0.02,8.10,41.04,-0.06,-4.95
Kalyani Steels,500235,KSL,Steel - Medium / Small,697.40,3044.36,12.88,1.72,15.51,559.78,12.77,701.78,18.15,9.48,236.30,17.97,16.63,484.01,10.00,0.32,21.86,981.48,-258.36,-237.12
Kamdhenu,532741,KAMDHENU,Steel - Medium / Small,26.91,746.44,12.33,2.63,24.91,1.99,22.23,22.52,5.05,31.24,60.53,9.31,33.03,174.96,20.43,0.01,27.74,199.04,99.71,61.65
Kanishk Steel,513456,,Steel - Medium / Small,35.80,101.82,15.84,1.03,2.68,39.17,2.68,42.02,16.52,-23.13,6.43,0.99,5.52,88.07,1.42,0.40,28.47,43.71,0.37,-46.63
Kataria,,KATARIA,Steel - Medium / Small,110.45,237.81,24.44,2.30,23.82,21.94,23.82,82.71,28.92,33.60,9.73,7.98,18.53,141.28,7.19,0.21,15.85,90.75,47.29,-6.58
KIC Metaliks,513693,,Steel - Pig Iron,31.02,110.11,,0.61,1.27,123.99,1.27,,15.76,-39.88,-3.02,1.94,4.04,125.04,0.55,0.68,7.10,149.19,12.11,38.77
Kirl. Ferrous,500245,KIRLFER,Steel - Large,454.80,7486.80,26.58,2.23,11.50,1343.67,8.76,283.24,44.38,5.93,281.68,11.64,15.47,1609.25,6.31,0.40,82.29,1057.99,47.50,388.20
Krishca Strapp.,,KRISHCA,Steel - Medium / Small,211.00,299.41,23.03,2.71,52.92,31.77,52.92,132.91,123.47,179.19,13.00,17.43,45.85,63.58,23.53,0.29,12.07,108.80,-15.91,6.93
Kritika Wires,,KRITIKA,Steel - Medium / Small,9.80,260.95,22.13,2.94,12.75,49.52,12.75,5.77,47.50,182.08,11.79,2.41,15.68,178.93,7.46,0.56,53.26,108.13,5.14,-7.77
Mah. Seamless,500265,MAHSEAMLES,Steel - Large,649.45,8702.09,11.55,1.46,18.12,0.00,15.57,749.48,32.78,68.92,753.26,17.61,22.92,1408.11,15.30,0.00,67.00,3331.69,1009.34,893.05
Mahalaxmi Seam.,513460,,Steel - Medium / Small,9.00,4.75,12.18,,,1.72,,,-1.24,-6.21,0.39,38.30,26.02,0.47,9.10,,5.28,-0.44,-0.62,0.67
Mahamaya Steel,513554,MAHASTEEL,Steel - Medium / Small,259.85,427.05,157.00,3.19,3.07,33.59,3.07,57.53,46.18,93.75,2.72,1.88,6.23,199.83,1.81,0.25,16.43,60.50,5.15,-9.44
Maiden Forgings,543874,,Steel - Medium / Small,70.72,100.51,10.48,1.34,17.41,75.93,17.41,89.52,5.87,79.17,9.59,9.59,16.35,109.09,7.06,1.01,14.21,108.12,-16.61,3.25
Man Industries,513269,MANINDS,Steel - Medium / Small,268.80,1740.08,15.94,1.19,8.07,216.24,7.08,292.50,14.74,0.77,109.16,7.70,14.43,731.94,4.79,0.15,32.37,785.46,137.08,-327.52
Manaksia Coated,539046,MANAKCOAT,Steel - Medium / Small,89.35,710.06,47.53,4.32,8.71,196.99,8.43,31.45,18.38,21.28,14.94,7.14,15.16,205.05,2.14,1.28,7.43,194.63,14.62,-1.72
Manaksia Steels,539044,MANAKSTEEL,Steel - Medium / Small,64.74,424.27,33.59,1.34,8.44,132.58,8.44,45.80,17.66,9.32,12.63,2.06,9.58,142.30,5.52,0.42,6.55,265.97,-87.82,21.04
Mangalam Alloys,,MAL,Steel - Medium / Small,29.70,73.32,6.71,0.54,10.73,178.92,10.73,73.88,3.96,54.01,10.92,7.42,10.75,164.09,3.18,1.32,24.69,225.01,-10.62,5.02
Mangalam World.,,MWL,Steel - Medium / Small,155.35,380.62,13.81,1.54,13.13,191.64,13.13,165.22,26.66,69.90,27.56,5.07,14.39,324.04,5.35,0.77,29.70,323.10,-90.97,-22.49
Metal Coatings,531810,,Steel - Medium / Small,71.50,52.39,26.33,1.27,6.53,0.00,6.53,58.59,21.23,-0.92,1.99,2.91,8.16,39.02,5.49,0.00,7.33,35.43,2.26,9.87
Modern Steels,513303,,Steel - Medium / Small,16.27,22.39,25.44,1.68,4.42,0.21,4.42,11.80,,26.53,0.88,,4.19,0.00,4.11,0.02,14.40,13.45,0.47,0.34
MSP Steel & Pow.,532650,MSPL,Steel - Medium / Small,26.94,1313.30,71.03,2.27,2.63,737.22,2.63,11.41,18.59,43.26,18.49,3.93,7.92,716.85,0.87,1.27,487.49,439.31,124.82,32.07
Mukand,500460,MUKANDLTD,Steel - Large,100.60,1453.63,15.45,1.55,11.46,1479.98,8.24,97.63,23.82,28.36,94.08,6.01,10.78,1262.27,3.27,1.57,144.51,1784.69,12.32,725.56
Mukat Pipes,523832,,Steel - Medium / Small,16.80,19.87,152.85,,,3.62,,,0.81,74.72,0.13,-2.62,,1.16,6.22,,5.92,0.57,1.30,0.06
Natl. Gen. Inds.,531651,,Steel - Medium / Small,56.00,30.97,24.39,0.86,3.23,0.95,3.23,58.15,-11.51,47.08,1.27,-1.86,3.68,2.63,2.90,0.03,4.74,10.86,2.62,0.98
Newmalayalam,,NMSTEEL,Steel - Medium / Small,27.50,47.54,11.13,,11.14,39.18,11.14,,0.04,-17.63,4.27,2.45,10.71,154.21,4.28,0.86,12.65,65.65,-21.90,30.58
NMDC Steel,543768,NSLNISP,Steel - Medium / Small,35.21,10318.66,,,-9.59,6513.22,-9.59,,,,-2761.23,-32.66,-8.69,2119.54,-5.68,0.45,2930.61,723.25,-3316.59,-639.21
Nova Iron &Steel,513566,,Steel - Sponge Iron,13.77,49.76,,,,406.15,,,17.81,,-10.96,1.67,-14.35,97.73,-7.39,,36.14,8.42,-46.78,9.30
Oil Country,500313,OILCOUNTUB,Steel - Medium / Small,68.08,325.69,,1.69,-31.48,86.68,-31.48,,101.48,-14.51,-35.49,34.24,-23.31,41.21,-15.07,0.49,44.29,33.70,-16.98,169.08
P S Raj,,PSRAJ,Steel - Medium / Small,140.00,105.54,16.62,,23.13,17.25,23.13,,,,6.35,3.65,22.05,139.11,10.06,0.50,0.61,46.80,4.32,1.89
Panchmahal Steel,513511,,Steel - Medium / Small,175.30,334.47,42.94,2.08,1.91,41.67,1.91,87.95,8.05,-28.69,7.79,5.39,5.55,94.72,1.12,0.26,19.08,145.62,38.10,-36.67
Pennar Industrie,513228,PENIND,Steel - Medium / Small,182.20,2458.72,21.89,2.64,11.78,851.60,11.78,113.66,27.08,118.91,112.31,9.33,15.70,839.72,3.93,0.91,67.47,723.91,-21.89,172.81
Prakash Industri,506022,PRAKASH,Steel - Medium / Small,172.00,3080.21,8.72,0.97,10.42,377.94,9.78,280.35,4.58,48.80,353.39,12.58,10.58,925.95,7.50,0.12,179.08,403.32,208.54,128.47
Prakash Steelage,533239,PRAKASHSTL,Steel - Medium / Small,6.61,115.68,68.05,14.33,,3.98,,4.63,62.90,90.22,1.70,1.11,,19.24,60.17,0.49,17.50,5.55,28.50,5.63
Quality Foils,,QFIL,Steel - Medium / Small,75.75,21.62,14.41,0.73,4.78,45.06,4.78,110.65,7.66,12.54,1.50,2.73,6.82,77.02,1.84,1.52,2.85,37.01,8.94,9.55
Rajas. Tube Mfg,530253,,Steel - Medium / Small,287.00,129.44,264.16,14.75,5.75,6.90,5.75,21.81,1.95,-4.35,0.49,3.16,10.79,7.88,2.05,0.79,4.51,12.12,3.26,8.11
Rajratan Global,517522,RAJRATAN,Steel - Medium / Small,410.55,2084.40,35.45,3.73,11.18,237.49,11.18,169.38,1.56,-22.09,58.80,13.57,14.26,251.42,6.58,0.42,10.15,202.59,-2.99,-14.19
Rama Steel Tubes,539309,RAMASTEEL,Steel - Medium / Small,9.82,1526.25,66.71,4.34,9.96,95.83,9.96,2.75,30.54,33.02,22.88,2.97,12.40,275.17,4.20,0.27,155.42,317.11,9.42,-145.94
Rathi Bars,532918,,Steel - Medium / Small,34.15,55.77,15.11,0.58,3.87,66.09,3.87,54.52,23.78,15.62,3.69,2.54,6.30,110.53,1.96,0.69,16.33,119.83,11.36,-1.54
Rathi Steel,504903,,Steel - Medium / Small,30.43,262.80,45.15,1.95,14.87,36.88,14.87,35.35,4.87,122.40,5.82,3.83,17.12,104.43,1.53,0.28,85.06,26.07,10.97,98.47
Ratnamani Metals,520111,RATNAMANI,Steel - Medium / Small,2624.90,18398.45,34.85,5.59,21.63,265.27,18.22,893.18,30.09,31.07,527.95,15.44,27.72,1316.30,15.99,0.08,14.02,2272.38,302.19,172.81
Ratnaveer Precis,543978,RATNAVEER,Steel - Medium / Small,128.82,683.38,16.38,1.96,17.33,106.46,17.33,110.08,18.30,78.46,41.71,8.93,12.87,254.56,6.86,0.30,53.75,278.04,-53.53,-17.95
Remi Edelstahl,513043,,Steel - Medium / Small,91.66,100.66,26.08,2.24,3.24,29.00,3.24,56.87,12.57,94.13,3.86,6.49,5.53,42.91,1.65,0.65,10.98,53.03,-4.91,7.81
Rhetan TMT Ltd,543590,,Steel - Medium / Small,17.20,1370.63,252.42,14.88,4.44,16.57,4.44,1.33,7.53,209.92,5.43,17.15,6.50,6.38,3.42,0.18,79.69,86.62,5.71,-44.99
Riddhi Steel,540082,,Steel - Medium / Small,88.20,73.12,12.81,1.21,8.75,122.30,8.75,106.44,0.03,54.17,5.71,5.80,10.00,154.59,2.53,2.02,8.29,161.04,7.59,15.81
Rish.Digh.Steel,531539,,Steel - Medium / Small,52.90,29.02,2.54,1.59,-1.95,0.04,-1.95,125.08,,1.32,11.43,,-1.73,0.00,-1.65,0.00,5.49,16.05,17.33,-0.25
Rudra Global,539226,,Steel - Medium / Small,32.71,328.22,20.11,2.68,19.61,127.84,19.61,21.65,32.68,39.54,16.32,7.59,16.32,148.38,6.58,1.04,50.17,193.73,3.52,43.99
S A I L,500113,SAIL,Steel - Large,113.22,46765.81,16.01,0.81,6.44,41265.03,4.71,130.62,15.10,-4.47,2921.77,10.53,8.10,24489.91,2.65,0.72,4130.53,20663.89,-1296.65,-8812.24
S.A.L Steel,532604,SALSTEEL,Steel - Sponge Iron,18.71,158.97,30.34,3.51,1.12,125.00,1.12,5.62,24.21,-65.60,5.24,5.82,8.02,193.82,0.17,2.76,84.97,39.54,12.58,8.36
Salasar Techno,540642,SALASAR,Steel - Medium / Small,8.64,1491.93,30.45,2.12,12.44,370.60,12.44,5.19,26.53,21.33,49.00,9.26,15.69,375.18,5.13,0.53,172.68,648.73,-3.99,-69.46
Sarda Energy,504614,SARDAEN,Steel - Medium / Small,442.20,15582.30,22.93,2.63,14.11,2874.56,13.16,271.44,20.72,11.22,679.69,26.07,15.28,1319.14,8.98,0.48,35.24,2367.93,487.20,485.19
Sarthak Metals,540393,SMLT,Steel - Medium / Small,120.27,164.65,31.79,1.38,12.42,0.00,9.96,86.22,11.24,19.78,5.18,4.10,17.75,44.00,11.94,0.00,13.69,100.66,22.11,32.00
Sat Industries,511076,SATINDLTD,Steel - Medium / Small,78.87,891.90,18.57,1.32,12.80,39.68,12.63,75.43,34.70,88.97,48.03,17.23,14.45,157.30,8.95,0.06,22.62,578.30,-287.15,-37.47
Scan Steels,511672,,Steel - Medium / Small,37.05,217.12,9.00,0.53,4.57,98.41,4.57,84.80,9.66,-15.54,24.13,6.54,6.84,174.51,2.96,0.24,58.60,201.88,66.01,26.07
Sh. Bajrang All.,526981,,Steel - Medium / Small,167.05,150.35,4.18,0.48,14.59,72.16,14.59,561.58,38.67,10.00,35.97,0.85,1.76,107.23,10.31,0.23,9.00,64.36,-14.25,5.73
Sh. Steel Wire,513488,,Steel - Medium / Small,31.50,10.43,,0.77,-1.11,0.00,-1.11,,-10.65,,-0.01,1.90,-1.11,2.84,-0.97,0.00,3.31,6.98,0.20,1.74
Shah Alloys,513436,SHAHALLOYS,Steel - Medium / Small,58.59,116.01,,,-43.78,80.70,-43.78,,5.68,20.17,-14.69,-1.97,-5.46,51.90,-3.28,,19.80,-83.82,-3.39,43.23
Shah Metacorp,533275,SHAH,Steel - Medium / Small,3.04,180.54,19.82,1.14,11.35,6.18,11.35,6.41,97.40,27.18,9.11,6.03,4.94,39.86,3.30,0.04,59.39,121.16,-32.83,-7.05
Sharda Ispat,513548,,Steel - Medium / Small,273.35,138.86,12.91,2.51,31.27,26.64,31.27,227.81,33.69,73.50,10.76,6.91,31.02,54.36,20.37,0.48,5.08,77.24,7.31,-7.63
Shyam Metalics,543299,SHYAMMETL,Steel - Large,859.30,23985.80,26.43,2.35,12.07,1086.13,10.61,517.06,27.97,6.62,907.47,12.27,10.79,3752.51,7.86,0.11,278.04,1908.21,-93.43,-386.44
Steel Exchange,534748,STEELXIND,Steel - Medium / Small,8.09,991.78,24.24,1.48,1.85,380.81,1.85,6.46,6.51,-47.44,40.91,10.71,8.16,327.51,0.91,0.57,119.76,314.39,-97.24,124.04
Sunflag Iron,500404,SUNFLAG,Steel - Medium / Small,234.72,4230.11,26.15,0.61,3.37,603.40,3.37,278.84,21.77,0.69,161.78,10.86,5.69,892.00,2.40,0.09,180.22,838.63,118.92,109.47
Supershakti Met.,541701,,Steel - Medium / Small,369.50,425.86,32.76,1.62,5.49,2.06,5.25,240.32,24.75,2.90,13.00,2.44,7.85,347.33,4.30,0.01,11.53,29.71,1.45,54.47
Supreme Engg.,,SUPREMEENG,Steel - Medium / Small,2.00,49.99,,,,102.48,,,-28.93,,-11.04,-18.61,-21.77,4.74,-24.71,,25.00,2.80,4.78,8.54
Suraj,531638,SURAJLTD,Steel - Medium / Small,397.35,729.70,33.81,5.60,18.01,50.97,15.61,137.03,20.63,149.31,21.58,16.60,23.52,63.61,12.28,0.39,18.36,71.74,6.59,26.01
Suraj Products,518075,,Steel - Medium / Small,369.15,420.83,18.29,2.98,24.78,50.32,22.83,237.26,16.55,46.77,23.01,12.12,25.99,67.22,16.17,0.36,11.40,110.03,30.50,13.57
Surani Steel Tub,,SURANI,Steel - Medium / Small,130.25,167.20,56.49,1.60,0.90,0.00,0.90,69.41,13.33,-49.53,2.96,1.23,0.86,110.79,0.57,0.00,10.63,90.17,-63.07,5.29
Surya Roshni,500336,SURYAROSNI,Steel - Large,262.80,5719.47,17.75,2.52,16.17,73.40,13.50,186.33,12.02,27.64,322.22,7.36,20.81,1867.77,10.89,0.03,54.38,1550.26,488.71,246.13
Swastik Pipe,,SWASTIK,Steel - Medium / Small,44.60,103.61,31.21,0.48,2.41,111.60,2.41,54.64,11.70,49.61,3.32,3.17,7.57,366.75,1.21,0.52,23.23,240.28,10.17,-30.52
T N Steel Tubes,513540,,Steel - Medium / Small,14.75,7.56,21.00,0.79,0.96,3.23,0.96,17.22,11.21,28.71,0.36,0.81,3.13,16.11,0.28,0.34,5.12,23.79,0.76,-1.95
Tata Steel,500470,TATASTEEL,Steel - Large,141.18,176242.44,62.25,1.96,6.55,99391.76,13.18,59.62,13.61,-6.63,2831.41,11.45,7.02,53648.30,2.55,1.10,1247.44,10120.89,2569.47,7868.29
Technocraf.Inds.,532804,TIIL,Steel - Medium / Small,2442.50,5608.39,22.34,3.37,17.44,738.07,17.44,1320.05,19.00,30.28,251.05,15.65,18.68,644.33,11.26,0.44,22.67,1295.58,5.84,42.65
Tube Investments,540762,TIINDIA,Steel - Large,2908.40,56275.76,68.66,10.55,26.48,698.92,24.99,511.84,40.55,61.63,819.65,10.42,26.28,4812.22,14.71,0.13,19.35,4665.66,-147.68,983.29
Tulsyan NEC,513629,,Steel - Medium / Small,47.07,78.45,,0.23,-17.92,322.84,-17.92,,16.39,18.81,-50.63,1.10,-3.17,180.23,-7.40,0.95,16.55,77.33,68.00,335.63
Umiya Tubes,539798,,Steel - Medium / Small,15.78,20.45,,2.28,-14.46,1.60,-14.46,,-70.57,,-3.78,-729.69,-8.17,0.00,-8.20,0.18,10.01,11.12,1.24,-5.57
Unison Metals,538610,,Steel - Medium / Small,24.45,39.17,3.26,1.13,11.32,65.98,11.32,60.54,24.80,28.08,12.01,9.21,14.41,71.15,2.05,1.90,16.02,69.64,4.66,0.29
Usha Martin,517146,USHAMART,Steel - Medium / Small,303.25,9241.29,22.45,3.59,19.21,459.28,15.40,160.43,15.43,41.67,411.67,17.87,22.08,860.54,13.27,0.18,30.54,1456.86,168.34,89.51
Vallabh Steels,513397,,Steel - Medium / Small,6.68,3.31,,,,46.33,,,,24.18,-1.44,,-6.85,0.00,-6.55,,4.95,2.82,0.03,0.00
Vardhman Special,534392,VSSL,Steel - Medium / Small,238.04,1945.58,20.90,2.44,12.27,120.30,9.04,158.17,8.84,-2.57,93.09,8.39,16.70,428.04,8.56,0.15,81.73,464.58,8.52,75.71
Vaswani Industri,533576,VASWANI,Steel - Sponge Iron,39.60,124.13,12.77,0.98,7.76,103.18,7.76,54.03,7.33,30.82,9.72,6.07,13.27,102.34,4.66,0.82,31.35,82.01,22.11,29.15
Venus Pipes,543528,VENUSPIPES,Steel - Medium / Small,1200.40,2452.55,26.03,5.06,23.56,181.00,23.28,497.42,37.39,53.71,94.23,18.50,28.41,231.30,13.57,0.37,20.37,340.14,-55.22,-153.17
Vibhor Steel,544124,VSTL,Steel - Medium / Small,145.46,275.83,22.55,1.53,13.08,135.15,13.08,117.44,28.02,83.45,12.23,3.86,14.93,247.25,5.24,0.75,18.96,182.72,-28.39,-3.80
Vilas Transcore,,VILAS,Steel - Medium / Small,343.10,839.91,32.14,3.13,15.11,15.13,15.11,175.23,32.67,61.76,26.13,10.57,20.84,162.43,11.48,0.06,18.00,242.86,47.98,13.02
Vraj Iron,544204,VRAJ,Steel - Sponge Iron,151.34,499.16,10.64,1.32,33.46,6.72,33.46,210.08,13.04,73.24,46.90,14.48,36.54,119.88,24.19,0.02,32.98,142.18,-44.95,61.37
Welspun Corp,532144,WELCORP,Steel - Large,764.20,20115.42,13.60,3.32,19.80,2261.66,17.47,540.20,34.34,17.84,1479.61,10.60,20.19,3613.51,7.71,0.37,131.17,2705.19,1022.13,-1235.28
Welspun Special.,500365,,Steel - Medium / Small,31.19,2066.69,,4.76,-1.55,20.92,-1.55,,64.26,23.29,-4.09,4.25,9.90,200.15,-0.62,0.05,397.56,219.18,42.13,-5.03
Zenith Steel,531845,ZENITHSTL,Steel - Medium / Small,6.57,93.48,12.48,,,215.11,,,22.52,,7.49,2.56,,35.69,-0.27,,142.28,-104.61,3.35,14.22
